"id_no","sci_name","category","range_km2","protected_km2","protected_percent"
62007,"Amblysomus marleyi","EN",1408.21,0.00,0.00
1141,"Ammodorcas clarkei","VU",94179.71,0.00,0.00
136767,"Avahi betsileo","EN",975.95,0.00,0.00
41579,"Avahi unicolor","CR",582.23,0.00,0.00
92401376,"Cercopithecus lomamiensis","VU",19739.44,0.00,0.00
163022885,"Cheirogaleus thomasi","EN",103.39,0.00,0.00
136343,"Congosorex phillipsorum","CR",86.18,0.00,0.00
5565,"Crocidura eisentrauti","VU",366.16,0.00,0.00
5575,"Crocidura manengubae","VU",5815.30,0.00,0.00
112503346,"Crocidura mdumai","EN",1445.02,0.00,0.00
5580,"Crocidura phaeura","EN",902.98,0.00,0.00
5748,"Cryptochloris wintoni","CR",6.45,0.00,0.00
5749,"Cryptochloris zyli","EN",2093.49,0.00,0.00
6793,"Dorcatragus megalotis","VU",52078.41,0.00,0.00
167462770,"Fukomys hanangensis","EN",649.63,0.00,0.00
8975,"Gazella spekei","EN",181615.51,0.00,0.00
116989865,"Hybomys badius","EN",535.58,0.00,0.00
10714,"Hypogeomys antimena","CR",194.69,0.00,0.00
136376,"Lepilemur aeeclis","EN",362.72,0.00,0.00
136843,"Lepilemur ahmansoni","CR",282.89,0.00,0.00
136662,"Lepilemur betsileo","EN",2197.49,0.00,0.00
136771,"Lepilemur grewcockorum","CR",140.10,0.00,0.00
136796,"Lepilemur otto","EN",3506.42,0.00,0.00
136645,"Lepilemur sahamalaza","CR",422.64,0.00,0.00
11622,"Lepilemur septentrionalis","CR",140.16,0.00,0.00
136709,"Lepilemur tymerlachsoni","CR",47.54,0.00,0.00
47992974,"Lophuromys chercherensis","EN",131.06,0.00,0.00
136619,"Lophuromys eisentrauti","CR",56.25,0.00,0.00
41573,"Microcebus berthae","CR",549.26,0.00,0.00
163313085,"Microcebus ganzhorni","EN",134.21,0.00,0.00
16971461,"Microcebus gerpi","CR",20.79,0.00,0.00
136458,"Microcebus jollyae","EN",157.61,0.00,0.00
16971425,"Microcebus macarthurii","EN",675.50,0.00,0.00
136206,"Microcebus mamiratra","EN",130.50,0.00,0.00
163313848,"Microcebus manitatra","CR",25.49,0.00,0.00
16971364,"Microcebus margotmarshae","EN",908.45,0.00,0.00
46251646,"Microcebus marohita","CR",28.56,0.00,0.00
14107,"Myosorex geata","EN",466.36,0.00,0.00
45047,"Myosorex kihaulei","EN",1626.02,0.00,0.00
14113,"Myosorex rumpii","EN",255.82,0.00,0.00
45071,"Otomys burtoni","EN",386.41,0.00,0.00
48008221,"Otomys cheesmani","CR",6241.17,0.00,0.00
40652,"Paragalago rondoensis","EN",127.62,0.00,0.00
16212,"Paraxerus vincenti","EN",2231.71,0.00,0.00
18252,"Piliocolobus foai","EN",1952.30,0.00,0.00
41025,"Piliocolobus pennantii","CR",161.26,0.00,0.00
18352,"Propithecus tattersalli","CR",1783.60,0.00,0.00
18732,"Pteropus livingstonii","EN",241.54,0.00,0.00
64588047,"Rhinolophus mabuensis","EN",22180.06,0.00,0.00
136224,"Suncus aequatorius","EN",494.55,0.00,0.00
21221,"Sylvisorex morio","EN",447.41,0.00,0.00
136537,"Microcebus bongolavensis","EN",793.42,0.43,0.05
18356,"Propithecus coronatus","CR",45445.79,35.14,0.08
40648,"Piliocolobus parmentieri","EN",19228.41,23.84,0.12
4828,"Chrysospalax trevelyani","EN",40185.10,51.03,0.13
18113,"Praomys hartwigi","VU",7861.11,10.13,0.13
5636,"Crocidura picea","EN",6227.79,10.13,0.16
18768,"Pteropus voeltzkowi","VU",844.82,1.86,0.22
14112,"Myosorex okuensis","VU",4154.00,10.13,0.24
116990322,"Hybomys eisentrauti","EN",3215.38,10.13,0.32
110660763,"Myosorex cafer","VU",65019.61,221.64,0.34
5624,"Crocidura desperata","VU",16999.42,69.07,0.41
4216,"Chlorocebus dryas","EN",41366.95,180.22,0.44
11621,"Lepilemur ruficaudatus","CR",15759.75,102.08,0.65
19757,"Rousettus obliviosus","VU",1595.50,11.50,0.72
8991,"Eudorcas tilonura","EN",18456.73,137.10,0.74
4318,"Mops pusillus","VU",1518.20,11.50,0.76
110662121,"Myosorex tenuis","EN",4392.10,34.71,0.79
163024481,"Microcebus tanosi","EN",763.66,7.85,1.03
165925,"Voalavo antsahabensis","EN",301.11,3.16,1.05
67359375,"Pseudoromicia roseveari","EN",771.32,9.61,1.25
163022131,"Cheirogaleus lavasoensis","EN",70.73,0.94,1.33
136791,"Rungwecebus kipunji","EN",71.52,0.95,1.33
8211,"Eulemur flavifrons","CR",2398.97,35.30,1.47
136609,"Lepilemur milanoii","EN",2582.35,43.73,1.69
19549,"Rhinolophus maclaudi","EN",8230.25,180.08,2.19
11202,"Lamottemys okuensis","EN",442.73,10.13,2.29
1087,"Neamblysomus gunningi","EN",9765.11,225.46,2.31
45054,"Hylomyscus grandis","EN",425.12,10.13,2.38
4829,"Chrysospalax villosus","VU",44638.13,1073.56,2.41
39992,"Piliocolobus kirkii","EN",1520.96,37.04,2.44
45056,"Lophuromys dieterleni","EN",403.38,10.13,2.51
216617275,"Myotis nimbaensis","CR",2.68,0.07,2.55
14114,"Myosorex sclateri","VU",20684.49,568.88,2.75
13572,"Miopithecus talapoin","VU",401646.26,11746.89,2.92
16873,"Phaner parienti","EN",1850.12,54.85,2.96
3326,"Bunolagus monticularis","CR",45605.63,1372.69,3.01
9459,"Grammomys minnae","VU",10994.43,344.64,3.13
45051,"Sylvisorex camerunensis","VU",6374.51,206.18,3.23
13584,"Mirza coquereli","EN",16826.39,589.48,3.50
112515709,"Crocidura usambarae","VU",5508.30,210.50,3.82
4207,"Cercocebus chrysogaster","EN",79505.89,3095.26,3.89
41211,"Praomys obscurus","EN",3143.67,130.17,4.14
136347,"Microcebus danfossi","VU",942.92,39.83,4.22
136316,"Eliurus petteri","EN",1499.87,64.52,4.30
14262,"Mystromys albicaudatus","VU",502515.01,22318.18,4.44
7083,"Eidolon dupreanum","VU",460325.29,21315.78,4.63
18261,"Piliocolobus langi","EN",50462.06,2385.36,4.73
3796,"Capra nubiana","VU",4803.87,229.56,4.78
4229,"Cercopithecus sclateri","EN",34802.35,1701.24,4.89
18756,"Pteropus rufus","VU",589841.47,30139.46,5.11
136223,"Genetta bourloni","VU",147589.83,7713.44,5.23
10966,"Kerivoula africana","EN",31726.82,1692.59,5.33
136684,"Mirza zaza","VU",9684.19,522.25,5.39
10125,"Hipposideros curtus","EN",136283.96,7460.00,5.47
40651,"Paragalago orinus","VU",19036.11,1052.56,5.53
11496,"Lemur catta","EN",99857.71,5916.12,5.92
2434,"Avahi laniger","VU",52211.33,3108.16,5.95
13325,"Microcebus myoxinus","VU",31235.84,1865.46,5.97
13356,"Microgale dryas","VU",9517.59,573.88,6.03
21456,"Taphozous hildegardeae","EN",44221.22,2694.62,6.09
14199,"Myotis scotti","VU",187098.19,11479.17,6.14
4227,"Allochrocebus preussi","EN",17642.54,1107.72,6.28
5760,"Cryptoprocta ferox","VU",443430.14,30090.11,6.79
62017,"Microgale nasoloi","VU",1199.40,81.76,6.82
11618,"Lepilemur leucopus","EN",1962.34,137.83,7.02
44782,"Rhinolophus hillorum","VU",28395.36,2085.31,7.34
62008,"Amblysomus robustus","VU",1742.31,128.70,7.39
41576,"Cheirogaleus sibreei","CR",504.47,37.28,7.39
8542,"Felis nigripes","VU",1322818.74,98185.95,7.42
9673,"Hapalemur griseus","VU",90523.56,6761.06,7.47
18262,"Piliocolobus lulindicus","EN",96026.87,7312.15,7.61
8209,"Eulemur rufus","VU",37301.61,2921.84,7.83
64587154,"Rhinolophus cohenae","VU",17691.30,1384.59,7.83
16874,"Phaner pallescens","EN",47712.74,3741.02,7.84
19750,"Rousettus madagascariensis","VU",292676.21,23971.99,8.19
5142,"Colobus angolensis","VU",2134291.24,176907.77,8.29
10149,"Hipposideros marisae","VU",50039.32,4166.95,8.33
8972,"Gazella leptoceros","EN",217072.66,18547.42,8.54
4245,"Cercopithecus diana","EN",222294.84,19022.50,8.56
136399,"Brachytarsomys villosa","VU",10187.12,878.92,8.63
161247840,"Piliocolobus badius","EN",342297.74,29931.87,8.74
7949,"Equus africanus","CR",74871.80,6679.41,8.92
11620,"Lepilemur mustelinus","VU",13028.73,1193.54,9.16
8205,"Eulemur cinereiceps","CR",1825.68,167.86,9.19
41024,"Piliocolobus epieni","CR",3527.63,327.28,9.28
10826,"Indri indri","CR",30222.08,2850.78,9.43
4240,"Chlorocebus djamdjamensis","VU",9441.23,894.33,9.47
19542,"Rhinolophus guineensis","EN",214384.80,21274.21,9.92
82346260,"Rhinolophus willardi","EN",3611.42,362.26,10.03
45958985,"Dendromus lachaisei","VU",20364.83,2058.23,10.11
40025,"Paratriaenops auritus","VU",10407.15,1052.70,10.12
136686,"Bdeogale omnivora","VU",28030.00,2916.63,10.41
8998,"Genetta cristata","VU",99380.77,10421.94,10.49
1151,"Ammotragus lervia","VU",340627.18,37316.56,10.96
210368667,"Lepilemur dorsalis","EN",4731.58,519.06,10.97
5144,"Colobus polykomos","EN",336494.56,36934.96,10.98
136707,"Lepilemur seali","VU",7429.43,819.21,11.03
8969,"Gazella dorcas","VU",3595679.48,398189.92,11.07
136933,"Cercocebus atys","VU",316316.38,35047.37,11.08
21220,"Sylvisorex isabellae","VU",681.66,76.09,11.16
136269,"Eulemur rufifrons","VU",32727.71,3666.06,11.20
8203,"Eulemur rubriventer","VU",51513.44,5846.96,11.35
12767,"Phataginus tricuspis","EN",5984190.34,679872.04,11.36
19391,"Redunca fulvorufula","EN",1050073.62,119334.48,11.36
6302,"Daubentonia madagascariensis","EN",124989.07,14215.54,11.37
196429436,"Microcebus jonahi","EN",1978.80,230.18,11.63
63541,"Nanger soemmerringii","VU",292717.24,34591.40,11.82
18306,"Caracal aurata","VU",4248490.11,510572.07,12.02
219,"Acinonyx jubatus","VU",17933744.73,2157734.42,12.03
15954,"Panthera pardus","VU",17929892.90,2159868.92,12.05
18245,"Procolobus verus","VU",413572.97,49964.23,12.08
15188,"Okapia johnstoni","EN",265996.05,32226.97,12.12
12310,"Lophocebus aterrimus","VU",711696.78,86517.02,12.16
12436,"Lycaon pictus","EN",16403007.69,2020168.13,12.32
15951,"Panthera leo","VU",18162913.90,2251055.95,12.39
6234,"Beatragus hunteri","CR",11407.24,1420.81,12.46
6557,"Diceros bicornis","CR",17487851.18,2194006.52,12.55
8833,"Galidictis fasciata","VU",82862.01,10444.98,12.61
22918,"Varecia variegata","CR",20824.34,2627.64,12.62
8968,"Nanger dama","CR",2659509.26,335904.01,12.63
18357,"Propithecus deckenii","CR",25568.81,3254.83,12.73
136820,"Laephotis malagasyensis","VU",7067.49,905.97,12.82
95558305,"Otomops harrisoni","VU",972131.80,124785.74,12.84
47992992,"Lophuromys pseudosikapusi","EN",1745.85,224.90,12.88
19705,"Rhynchocyon chrysopygus","EN",3437.82,442.74,12.88
8207,"Eulemur fulvus","VU",48703.24,6410.16,13.16
136285,"Avahi peyrierasi","VU",4395.63,579.85,13.19
18354,"Propithecus verreauxi","CR",30830.67,4103.61,13.31
12766,"Phataginus tetradactyla","VU",2941302.53,392761.29,13.35
15568,"Oryx dammah","EN",2274023.34,304762.38,13.40
68336601,"Eupleres goudotii","VU",83482.54,11453.59,13.72
1089,"Neamblysomus julianae","EN",12036.41,1652.10,13.73
7950,"Equus grevyi","EN",91443.12,12706.04,13.90
163023599,"Cheirogaleus medius","VU",9039.92,1264.87,13.99
11933,"Liberiictis kuhni","VU",78242.26,10956.18,14.00
8668,"Fossa fossana","VU",91405.58,12820.44,14.03
12754,"Mandrillus sphinx","VU",334651.83,47289.84,14.13
4219,"Cercopithecus hamlyni","VU",227308.20,32229.39,14.18
4218,"Cercopithecus erythrotis","VU",54741.33,7847.92,14.34
5558,"Crocidura ansellorum","EN",2222.51,318.79,14.34
15932,"Pan paniscus","EN",418559.04,60082.46,14.35
40596,"Carpitalpa arendsi","VU",9879.75,1422.95,14.40
5146,"Colobus vellerosus","CR",472415.73,68117.93,14.42
13923,"Mungotictis decemlineata","EN",13266.35,1937.06,14.60
8973,"Eudorcas rufifrons","VU",1701994.08,254547.56,14.96
18355,"Propithecus coquereli","CR",7396.10,1109.04,14.99
136931,"Cercopithecus lowei","VU",264749.82,39826.81,15.04
12762,"Smutsia gigantea","EN",3514826.39,530164.50,15.08
44165,"Poiana leightoni","VU",49661.43,7501.31,15.10
18358,"Propithecus diadema","CR",16510.70,2494.17,15.11
15571,"Oryx beisa","EN",982023.63,149203.83,15.19
136677,"Lepilemur petteri","EN",13362.77,2030.82,15.20
4217,"Cercopithecus erythrogaster","EN",73322.31,11215.65,15.30
12351,"Lophuromys melanonyx","VU",10880.88,1664.40,15.30
11617,"Lepilemur edwardsi","EN",9044.74,1386.55,15.33
5145,"Colobus satanas","VU",327572.57,50491.83,15.41
4220,"Allochrocebus lhoesti","VU",217463.44,34178.00,15.72
12309,"Lophocebus albigena","VU",1516090.64,239858.07,15.82
8199,"Eulemur coronatus","EN",6544.85,1052.19,16.08
136628,"Microgale jobihely","EN",1102.58,179.69,16.30
8204,"Eulemur albifrons","VU",19618.15,3206.17,16.34
5622,"Crocidura bottegoides","EN",10900.54,1831.97,16.81
39547,"Eupleres major","EN",22382.46,3763.46,16.81
8212,"Eulemur macaco","EN",7867.67,1324.18,16.83
15657,"Otomys occidentalis","VU",10760.70,1815.52,16.87
136939,"Piliocolobus rufomitratus","CR",202.60,34.23,16.90
4232,"Cercopithecus roloway","CR",131634.97,22285.23,16.93
12765,"Smutsia temminckii","VU",6477210.54,1097043.94,16.94
4201,"Cercocebus torquatus","EN",260531.89,44622.85,17.13
18257,"Piliocolobus tholloni","VU",501824.39,86080.42,17.15
41571,"Microcebus tavaratra","VU",4254.83,731.78,17.20
9672,"Hapalemur aureus","CR",2404.49,416.95,17.34
11619,"Lepilemur microdon","EN",2517.92,438.93,17.43
7960,"Equus zebra","VU",322890.70,56449.50,17.48
7624,"Eliurus penicillatus","EN",1765.59,309.12,17.51
19852,"Salanoia concolor","VU",18616.64,3270.50,17.57
4206,"Cercocebus lunulatus","EN",164170.28,29014.15,17.67
14108,"Myosorex longicaudatus","EN",7670.60,1361.41,17.75
9678,"Hapalemur occidentalis","VU",26180.82,4750.33,18.14
18248,"Piliocolobus waldroni","CR",84203.03,15320.55,18.19
15933,"Pan troglodytes","EN",2325680.08,426870.66,18.35
4153,"Cephalophus zebra","VU",59444.82,11048.57,18.59
5582,"Crocidura stenocephala","VU",1384.15,259.84,18.77
48018096,"Otomys yaldeni","VU",7106.00,1339.28,18.85
8202,"Eulemur mongoz","CR",7934.60,1496.18,18.86
4140,"Cephalophus jentinki","EN",60084.58,11438.37,19.04
163021377,"Cheirogaleus crossleyi","VU",20631.99,3989.03,19.33
4321,"Mops tomensis","EN",643.73,127.07,19.74
10591,"Hylomyscus baeri","EN",59740.05,11919.23,19.95
16872,"Phaner furcifer","EN",20961.51,4208.97,20.08
4768,"Chlorotalpa duthieae","VU",10790.41,2245.90,20.81
54778911,"Cheirogaleus major","VU",6379.87,1340.73,21.02
12937,"Megadendromus nikolausi","VU",7020.46,1506.16,21.45
9404,"Gorilla gorilla","CR",698953.77,150309.91,21.50
18255,"Piliocolobus oustaleti","VU",426980.64,91981.57,21.54
181007989,"Loxodonta cyclotis","CR",2009305.44,437258.89,21.76
92657343,"Piliocolobus semlikiensis","VU",54447.83,12148.84,22.31
5572,"Crocidura lucina","VU",5588.75,1309.05,23.42
3748,"Canis simensis","EN",6957.91,1633.95,23.48
9194,"Giraffa camelopardalis","VU",1803870.22,423685.28,23.49
44172,"Tragelaphus derbianus","VU",388841.44,92288.45,23.73
39994,"Gorilla beringei","CR",49267.43,11802.13,23.96
18118,"Praomys morio","EN",1352.88,324.65,24.00
8210,"Eulemur sanfordi","EN",3847.67,947.79,24.63
22046,"Tragelaphus buxtoni","EN",6919.88,1765.88,25.52
59544947,"Microcebus rufus","VU",2620.16,682.46,26.05
5569,"Crocidura lanosa","VU",4829.46,1263.70,26.17
181008073,"Loxodonta africana","EN",3232074.49,866511.60,26.81
136384,"Hapalemur meridionalis","VU",11044.45,3035.29,27.48
48016232,"Otomys thomasi","VU",7730.05,2148.93,27.80
136263,"Lepilemur fleuretae","EN",1502.65,419.01,27.88
48009551,"Otomys fortior","VU",9378.62,2648.47,28.24
5594,"Crocidura thomensis","EN",845.21,241.88,28.62
4200,"Cercocebus galeritus","CR",215.98,63.72,29.50
12753,"Mandrillus leucophaeus","EN",17694.66,5334.62,30.15
16971390,"Microcebus arnholdi","VU",776.44,235.50,30.33
11034,"Kobus megaceros","EN",111315.11,34119.34,30.65
5587,"Crocidura wimmeri","VU",32612.44,10398.87,31.89
9674,"Prolemur simus","CR",1717.80,562.93,32.77
45052,"Desmomys yaldeni","EN",1321.82,433.28,32.78
12350,"Lophuromys medicaudatus","VU",7561.13,2517.80,33.30
40015,"Piliocolobus gordonorum","VU",1720.97,587.21,34.12
136369,"Avahi meridionalis","EN",1558.27,533.95,34.27
14097,"Myonycteris brachycephala","EN",693.66,240.13,34.62
41026,"Piliocolobus preussi","CR",4291.79,1520.20,35.42
5584,"Crocidura telfordi","VU",4284.69,1553.99,36.27
8206,"Eulemur collaris","EN",8187.14,2976.16,36.35
136434,"Avahi ramanantsoavanai","VU",5858.84,2181.99,37.24
44784,"Rhinolophus ruwenzorii","EN",27514.40,10512.53,38.21
21293,"Tachyoryctes macrocephalus","EN",3921.58,1510.42,38.52
2435,"Avahi occidentalis","VU",3067.56,1191.92,38.86
136311,"Lepilemur wrightae","EN",587.44,228.34,38.87
22920,"Varecia rubra","CR",5217.72,2040.11,39.10
136491,"Lepilemur jamesorum","CR",64.74,25.57,39.50
41360,"Crocidura tarella","EN",2352.18,954.21,40.57
39751,"Microcebus ravelobensis","VU",3355.83,1383.04,41.21
18359,"Propithecus edwardsi","EN",913.20,396.46,43.41
136858,"Colobus caudatus","VU",4695.98,2058.63,43.84
136731,"Lepilemur ankaranensis","EN",1586.17,719.78,45.38
12646,"Macrotarsomys ingens","EN",3015.72,1388.07,46.03
163021607,"Cheirogaleus andysabini","EN",619.76,292.22,47.15
16875,"Phaner electromontis","EN",1673.08,790.64,47.26
4151,"Cephalophus spadix","EN",6615.55,3219.42,48.66
10278,"Hybomys basilii","EN",592.87,300.98,50.77
4137,"Cephalophus adersi","VU",4994.19,2548.34,51.03
62015,"Microgale jenkinsae","EN",1390.14,717.71,51.63
6313,"Delanymys brooksi","VU",3972.93,2091.05,52.63
18360,"Propithecus candidus","CR",1368.67,728.04,53.19
44786,"Rhinolophus ziama","EN",2070.31,1105.96,53.42
21703,"Thamnomys kempi","VU",5145.09,2749.90,53.45
163020756,"Cheirogaleus shethi","EN",878.00,469.65,53.49
18256,"Piliocolobus tephrosceles","EN",3919.26,2163.86,55.21
868,"Allocebus trichotis","EN",7261.74,4120.31,56.74
44861,"Fukomys kafuensis","VU",16889.20,9965.56,59.01
136330,"Nesomys lambertoni","EN",2232.06,1318.76,59.08
4203,"Cercocebus sanjei","EN",189.32,111.98,59.15
512,"Addax nasomaculatus","CR",49756.71,29539.34,59.37
92252436,"Erythrocebus baumstarki","CR",14270.46,8701.74,60.98
14111,"Myosorex blarina","EN",2287.31,1481.83,64.79
18361,"Propithecus perrieri","CR",62.68,41.10,65.57
8834,"Galidictis grandidieri","EN",1000.13,668.17,66.81
10280,"Hybomys lunaris","VU",2231.89,1492.48,66.87
18250,"Piliocolobus bouvieri","EN",20050.10,13590.10,67.78
282614481,"Pseudoromicia kityoi","EN",445.96,309.39,69.38
136761,"Lepilemur hubbardorum","EN",213.99,148.77,69.52
163314538,"Microcebus simmonsi","EN",741.72,518.18,69.86
136335,"Avahi cleesei","CR",462.30,329.09,71.18
41572,"Microcebus sambiranensis","EN",709.61,505.46,71.23
277177844,"Mus harennensis","VU",1321.87,952.49,72.06
16971489,"Lepilemur hollandorum","CR",283.74,211.26,74.46
136309,"Rhynchocyon udzungwensis","VU",322.48,243.07,75.37
136254,"Lepilemur randrianasoloi","EN",1894.75,1493.63,78.83
29462,"Microgale monticola","VU",764.04,608.07,79.59
10141,"Hipposideros lamottei","CR",78.02,66.43,85.15
45069,"Otomys barbouri","EN",400.78,342.86,85.55
45954374,"Myosorex bururiensis","VU",27.53,24.76,89.95
9456,"Grammomys gigas","EN",1925.03,1733.48,90.05
3797,"Capra walie","CR",143.50,131.51,91.64
48018185,"Otomys zinki","VU",1568.17,1459.56,93.07
5635,"Crocidura macowi","EN",421.96,399.65,94.71
5592,"Crocidura raineyi","EN",191.74,186.66,97.35
44781,"Rhinolophus hilli","EN",1022.61,1006.87,98.46
45954382,"Myosorex gnoskei","EN",3137.09,3093.84,98.62
5633,"Crocidura harenna","CR",108.63,107.97,99.39
16971566,"Avahi mooreorum","EN",1959.26,1959.13,99.99
16971518,"Lepilemur scottorum","EN",1959.25,1959.12,99.99
277177486,"Chingawaemys rarus","CR",88.07,88.07,100.00
6439,"Dendromus kahuziensis","CR",75.51,75.51,100.00
9676,"Hapalemur alaotrensis","CR",217.52,217.52,100.00
14106,"Myosorex eisentrauti","CR",49.74,49.74,100.00
82347204,"Rhinolophus kahuzi","EN",1.00,1.00,100.00
